0,1,Weight
331629,1065010,11
209294,79578,9
144758,164246,8
792536,803809,7
39908,39909,7
241513,181022,7
21742,137880,6
14646,21742,6
722712,209748,6
81056,174883,6
86495,37907,6
50513,132084,6
100752,188242,6
22935,50706,5
1615988,1065010,5
65048,217039,5
100558,44958,5
132084,115941,5
194282,218663,5
181022,1065010,5
383281,132084,5
357753,1177244,5
25777,1233832,5
58554,186837,5
195526,225690,5
209294,167646,5
362504,174968,5
62134,75187,4
219088,219090,4
66154,100756,4
22935,198518,4
21715,70351,4
119142,241513,4
5648,39908,4
209294,132084,4
1065010,383281,4
79578,209294,4
410424,586332,4
993355,3789526,4
182673,36100,4
241513,1065010,4
19701,21918,4
2545,227583,4
132084,173401,4
132084,90037,4
209294,142956,4
89865,201373,4
1461629,66417,4
1439270,3667994,4
2959589,37308,4
71651,82947,4
173557,232986,3
18123,28579,3
20590,21918,3
100756,116227,3
14480,14484,3
20590,19701,3
21001,65049,3
86495,184491,3
241513,21742,3
51369,39455,3
143896,231900,3
39838,14743,3
187983,187984,3
187204,3085233,3
39837,109832,3
51271,65049,3
66152,4030,3
179826,349341,3
50200,175184,3
208076,1034178,3
19414,4091,3
79578,142956,3
1638200,16508,3
357753,1065010,3
183463,183462,3
1615988,357753,3
51988,176767,3
186837,93616,3
28104,1153964,3
1065010,382934,3
90640,142954,3
238212,144225,3
14646,208836,3
2545,689990,3
132084,209294,3
97139,36100,3
181022,382934,3
947787,1470055,3
209294,167644,3
82068,27658,3
157241,34220,3
33373,278347,3
26246,26245,3
209294,111523,3
988770,58593,3
60978,53077,3
133640,270484,3
132084,66154,3
60978,36099,3
37907,86495,3
194109,3091826,3
37908,341733,3
133237,51978,3
99679,90037,3
191071,200516,3
66153,160771,3
635898,2669924,3
5648,109832,3
82068,35025,3
27658,35025,3
219204,329649,3
341733,383281,3
215993,44958,3
5648,42412,3
43315,214242,3
110844,1272781,3
5648,31777,3
31777,109832,2
16655,41279,2
132084,116227,2
18123,244611,2
205201,122418,2
70351,77180,2
205201,1065010,2
18310,28579,2
2497151,2497152,2
126073,90037,2
39455,51369,2
184921,48354,2
107769,100752,2
181022,374226,2
182673,13732,2
1177244,1065010,2
126976,110844,2
17587,100558,2
241513,1264567,2
39167,42423,2
241513,382934,2
241513,374226,2
182673,51352,2
406165,37906,2
17587,44958,2
241513,3198963,2
181427,40445,2
182673,97139,2
241513,357753,2
241513,341733,2
241513,229665,2
241513,221673,2
2183765,1945957,2
419677,97139,2
722712,132084,2
181022,2082945,2
71680,31715,2
50514,13873,2
208076,133869,2
106523,79326,2
106720,5682,2
137880,180818,2
126064,21742,2
22935,242071,2
567355,293440,2
26918,232451,2
229665,181022,2
39908,42412,2
192718,95003,2
26936,66817,2
192683,192718,2
229665,1065010,2
551209,187740,2
229665,132084,2
542293,4378156,2
534737,2628906,2
1527592,181022,2
22935,34215,2
1527592,1065010,2
22910,21742,2
44392,13873,2
79942,214415,2
1479204,2664379,2
80569,173280,2
685501,1194826,2
1439270,3678583,2
195939,797757,2
195894,1216197,2
111506,185587,2
81206,166190,2
40792,38661,2
110844,92281,2
25666,42423,2
25666,39167,2
596907,173152,2
1468761,2121662,2
194387,137204,2
224931,256490,2
110844,51272,2
1461629,476414,2
224931,219497,2
25058,187204,2
26918,66152,2
1462398,1113758,2
115941,382934,2
231775,216149,2
21920,50514,2
19701,70351,2
1201210,3244227,2
86495,132084,2
1201210,2523290,2
86495,173359,2
235174,16659,2
79578,17900,2
219497,256490,2
237908,131961,2
86495,212571,2
21913,41233,2
204817,38661,2
1705967,1230639,2
1711524,1232413,2
39713,37308,2
185582,195903,2
18684,176098,2
39666,1435159,2
77522,142956,2
132084,173399,2
21128,194775,2
120190,50200,2
79578,132084,2
232451,66152,2
28209,51188,2
21910,14484,2
21910,4093,2
44958,100558,2
28579,18310,2
119142,51988,2
44958,1611895,2
21742,126064,2
21742,81700,2
21742,81206,2
21742,65049,2
232956,120307,2
45095,37910,2
21742,26592,2
21715,77180,2
21715,19701,2
86495,37913,2
226868,994376,2
132084,174191,2
65049,14646,2
36100,1123390,2
52816,13732,2
1005367,1052939,2
211684,30998,2
173559,195945,2
65049,37906,2
138678,81056,2
96151,26918,2
8585,191080,2
351013,351113,2
8285,50997,2
173547,785743,2
52816,179335,2
52835,21742,2
988770,1884031,2
5682,218405,2
4129661,4703954,2
988770,22935,2
100558,600810,2
211338,218762,2
37197,80040,2
93616,213201,2
93616,101960,2
137604,2155220,2
36100,95080,2
137878,60978,2
51369,92897,2
283980,926625,2
100752,132084,2
66074,66070,2
357753,97139,2
137880,2523290,2
174193,237350,2
51988,134871,2
95002,18342,2
65049,100752,2
1023737,289664,2
137880,1065010,2
95002,109832,2
137880,1201210,2
4257513,2707686,2
215993,50997,2
137603,205201,2
165375,326109,2
324244,324247,2
57509,64774,2
168693,21125,2
37906,90037,2
57509,103268,2
331629,3414311,2
885103,232956,2
329714,108623,2
167644,262779,2
5556194,5560522,2
165952,50997,2
37906,109333,2
37906,110844,2
331629,181022,2
331629,122418,2
885103,3278369,2
6333602,4355130,2
58554,1435159,2
5556194,5560527,2
37906,35848,2
341770,3285914,2
37908,60978,2
62571,1147599,2
62571,100751,2
4418892,25058,2
341733,374226,2
5648,27555,2
62148,120236,2
4562649,182673,2
173206,96696,2
172043,195698,2
213414,173280,2
4911751,3667994,2
97139,181022,2
930917,1571204,2
340904,3727157,2
54206,26931,2
337746,359608,2
213201,101960,2
57470,287762,2
357753,3198963,2
216095,86495,2
383281,167644,2
67728,11152,2
13873,48423,2
369738,199288,2
218779,111604,2
38661,50513,2
267935,137880,2
2959589,1902929,2
218275,256490,2
209748,357753,2
1065010,1124616,2
2959589,1153964,2
133640,62134,2
374226,382934,2
2959589,18123,2
66154,132084,2
66154,145858,2
66154,173081,2
382934,1065010,2
180140,1065010,2
50706,198518,2
382934,1043043,2
2912257,3238634,2
14295,27811,2
137603,174968,2
91534,26592,2
376312,614963,2
209690,331528,2
209748,1065010,2
13873,44392,2
180140,341733,2
218275,224931,2
137204,232815,2
66147,1005259,2
137602,548094,2
50997,22877,2
100756,109832,2
13732,179335,2
50514,93616,2
209294,722712,2
383281,341733,2
90037,115941,2
100756,145858,2
38661,79578,2
133869,14646,2
250359,137603,2
747767,137880,2
209748,79578,2
67942,21742,2
180140,256260,2
2779345,2779332,2
35125,241531,2
1065010,2523290,2
38514,221653,2
270484,62134,2
181022,45095,2
218275,219497,2
133456,139777,2
219213,14481,1
215993,5682,1
215993,9741,1
219204,908622,1
222705,1215101,1
218749,3023410,1
216666,37913,1
215092,76894,1
215993,3862,1
218861,1125561,1
219088,281183,1
219088,219089,1
226184,284919,1
218861,1203934,1
225654,273252,1
224983,22428,1
224934,316984,1
224934,185172,1
215092,35848,1
215610,256121,1
218772,261594,1
224931,283629,1
215092,50997,1
222136,96826,1
215151,1039050,1
215610,50997,1
223690,14753,1
223679,735980,1
222223,201894,1
221673,1502171,1
222136,76073,1
218069,221503,1
215993,1735046,1
219213,35746,1
219213,112737,1
219213,137878,1
220580,382934,1
216095,37913,1
219088,1280168,1
219213,159342,1
220580,250604,1
216095,184491,1
216095,214297,1
219213,23045,1
216095,2168005,1
216150,3862,1
217499,174191,1
220580,242695,1
219213,257884,1
219497,1302391,1
219497,283629,1
217492,128173,1
217492,10991,1
216150,18508,1
220759,1065010,1
220791,41233,1
215993,11213,1
221673,158775,1
215993,17594,1
215993,21742,1
215993,39956,1
218663,569483,1
221673,2523290,1
215993,40445,1
218663,569102,1
218663,195902,1
221673,1113020,1
218406,186837,1
215993,65049,1
219213,17594,1
215993,133768,1
221673,90037,1
218290,232451,1
218290,95080,1
215993,361588,1
215993,1479204,1
220810,60978,1
218290,45095,1
219213,17587,1
218275,283629,1
219088,217953,1
237908,210926,1
227110,194507,1
274224,193558,1
274609,100752,1
276617,834790,1
276915,331478,1
277500,174616,1
277500,1625234,1
277718,80687,1
277718,204581,1
277718,561307,1
278347,33373,1
279144,21070,1
283629,256490,1
284477,77860,1
284477,137603,1
284477,296438,1
287762,300249,1
288705,778220,1
289247,2114219,1
291293,137602,1
291611,245383,1
292681,275861,1
292681,1778977,1
274224,376312,1
272172,2707457,1
293744,3588219,1
269323,39293,1
254356,260835,1
256260,180140,1
256260,239305,1
257272,31715,1
257273,359936,1
257352,148097,1
257884,17594,1
257884,35746,1
257884,112737,1
257884,159342,1
261565,885942,1
261580,197812,1
261596,122418,1
261596,389522,1
261600,137604,1
261611,1588376,1
261878,14743,1
261878,17587,1
267935,37906,1
267935,38661,1
269323,19699,1
293744,1615988,1
294157,333565,1
254123,348168,1
308385,37906,1
313473,150433,1
314253,110359,1
315388,315387,1
316045,2494529,1
316984,185172,1
318214,111506,1
318214,173559,1
318214,195945,1
318815,3637489,1
320851,431810,1
323297,1461086,1
324866,31777,1
326453,420349,1
326453,1453439,1
329195,37910,1
329195,45095,1
329409,316045,1
329409,2494529,1
329714,209748,1
330017,218783,1
331080,1340488,1
309482,309481,1
308385,35646,1
294157,1635332,1
304146,181427,1
296438,18324,1
296438,735854,1
296728,37909,1
296728,210876,1
297092,111506,1
297092,297093,1
298134,261590,1
298137,81056,1
298137,173758,1
298680,700985,1
299317,210799,1
300850,182673,1
301258,57470,1
301258,287762,1
302446,179335,1
302458,13879,1
302458,96155,1
303120,257273,1
303144,105348,1
304146,5682,1
304146,40445,1
254356,8585,1
254123,194274,1
227198,211100,1
231097,51988,1
231775,108968,1
231900,4097,1
232451,26918,1
232451,60978,1
232451,79578,1
232451,2523290,1
232815,137204,1
232827,67039,1
232956,173546,1
232956,203724,1
232956,357753,1
232985,173557,1
233028,1959442,1
233050,233032,1
233184,120307,1
233184,137602,1
234143,14646,1
234143,126064,1
235008,859016,1
235600,91533,1
236033,25777,1
231481,37908,1
231095,110844,1
237908,120307,1
230484,133877,1
227200,76242,1
227465,36100,1
227465,110844,1
227465,120307,1
227465,229665,1
227626,113470,1
227626,245385,1
229039,479902,1
229665,36100,1
229665,38661,1
229665,45095,1
229665,51988,1
229665,120307,1
229665,180140,1
229665,205201,1
229665,341733,1
229665,366255,1
229665,374226,1
229665,382934,1
229665,982496,1
229665,1264567,1
237350,113498,1
214299,1898287,1
254123,59785,1
241513,1527592,1
241513,3268583,1
241513,3755115,1
241513,4186500,1
241513,4227218,1
241530,215610,1
241531,329620,1
242071,44944,1
242071,68309,1
242071,600812,1
242695,100558,1
242695,250604,1
243806,257275,1
244833,11152,1
244833,106719,1
244833,137012,1
245385,209479,1
247822,139169,1
248375,157396,1
250359,315387,1
250359,315388,1
253588,192683,1
241513,2082945,1
241513,1502171,1
237908,237910,1
241513,366255,1
237908,1177140,1
237912,54186,1
237912,95003,1
237951,2286124,1
239107,307496,1
239109,14295,1
239109,80658,1
239109,301281,1
239305,120307,1
239305,301471,1
239980,240528,1
239988,35125,1
240369,76486,1
241513,36100,1
241513,45095,1
241513,51988,1
241513,52835,1
241513,97139,1
241513,132084,1
241513,180140,1
241513,205201,1
214459,145488,1
209294,209748,1
214299,326109,1
184921,100558,1
180140,51988,1
180140,66824,1
180140,137604,1
180140,137880,1
180140,173279,1
180140,175575,1
180140,180818,1
180140,181022,1
180140,185582,1
180140,205201,1
180140,229665,1
180140,239305,1
180140,241531,1
180140,261600,1
180140,374510,1
180140,383281,1
180140,852371,1
180140,1792519,1
180140,2082945,1
180140,3281192,1
180140,6208345,1
180993,133869,1
180993,197812,1
181022,14646,1
181022,37908,1
180140,37906,1
179335,173399,1
179014,101746,1
177093,199137,1
176767,239486,1
176767,359939,1
176767,1527592,1
176925,176923,1
177086,51988,1
177086,53127,1
177086,60978,1
177086,122418,1
177086,137603,1
177086,374510,1
177093,51368,1
177218,45095,1
178698,338049,1
177218,131960,1
177491,173468,1
177683,217499,1
177921,499885,1
178689,2846189,1
178698,45095,1
178698,76037,1
178698,111506,1
178698,192718,1
178698,297092,1
178698,297093,1
181022,50997,1
181022,51368,1
181022,51988,1
183380,1778977,1
182152,167543,1
182673,26245,1
182673,37906,1
182673,37913,1
182673,45095,1
182673,51988,1
182673,95003,1
182673,165375,1
182673,1635332,1
183380,614963,1
183380,901031,1
183380,2156710,1
181644,641214,1
183462,332194,1
183463,332194,1
184117,48860,1
184154,184147,1
184488,37913,1
184488,86495,1
184491,173377,1
184674,9741,1
184674,14753,1
184674,62571,1
184715,257269,1
182152,77522,1
181644,134904,1
181022,97139,1
181022,932352,1
181022,126072,1
181022,182738,1
181022,205201,1
181022,210747,1
181022,261587,1
181022,313773,1
181022,341733,1
181022,357753,1
181022,359939,1
181022,366255,1
181022,677471,1
181022,1264567,1
181644,65081,1
181022,1505476,1
181022,1527592,1
181022,1615988,1
181022,1825654,1
181022,2353545,1
181022,2523290,1
181073,43011,1
181103,561307,1
181339,63978,1
181427,5682,1
181436,34224,1
176766,39829,1
176111,403166,1
176111,64348,1
173081,173399,1
170239,51988,1
170239,116237,1
170239,210793,1
171146,50997,1
171458,17110,1
171746,14014,1
172041,172043,1
172041,195698,1
173079,113498,1
173081,100756,1
173081,145858,1
173280,80569,1
170002,100558,1
173280,411029,1
173280,1447802,1
173359,216097,1
173361,37907,1
173361,173377,1
173361,216097,1
173362,194387,1
173362,1873972,1
173376,108622,1
173376,108940,1
173376,187224,1
170239,8024,1
170002,44958,1
173377,2304858,1
167646,241531,1
167543,134136,1
167543,184921,1
167543,203958,1
167543,868504,1
167543,2832471,1
167644,175575,1
167644,180140,1
167644,329620,1
167644,341733,1
167646,79578,1
167646,113583,1
167646,1502171,1
170002,17587,1
168177,50997,1
168693,35746,1
168693,44390,1
168693,4995788,1
169049,215151,1
169049,1039050,1
169508,65080,1
169508,167646,1
169706,344415,1
169706,5596417,1
170002,11213,1
173377,216097,1
173428,173359,1
176111,10578,1
174968,1065010,1
174191,116229,1
174193,113498,1
174193,173506,1
174303,66154,1
174370,2923487,1
174410,80325,1
174597,144332,1
174616,1625234,1
174810,26918,1
174968,213910,1
174968,299317,1
175089,90013,1
173857,299317,1
175116,134871,1
175116,210316,1
175154,1059062,1
175184,42627,1
175184,1626519,1
175285,116229,1
175285,174191,1
175586,132084,1
175587,1233836,1
175588,184491,1
175925,65048,1
173998,54813,1
173857,210799,1
173506,790768,1
173557,173559,1
173536,13733,1
173536,18133,1
173538,37905,1
173541,65049,1
173541,100752,1
173541,210875,1
173547,39455,1
173547,50997,1
173547,51369,1
173547,100752,1
173547,227198,1
173557,230512,1
173857,122418,1
173557,1338853,1
173559,137204,1
173559,197812,1
173559,230512,1
173559,237951,1
173559,331629,1
173559,1338853,1
173758,137603,1
173795,189383,1
173855,1065010,1
173857,14646,1
184921,51216,1
184921,2167941,1
214299,192718,1
184924,65081,1
206930,242483,1
206984,707862,1
208484,26918,1
208484,94999,1
209286,181022,1
209294,17900,1
209294,38661,1
209294,76487,1
209294,167645,1
331456,303120,1
209294,211686,1
209294,212524,1
209294,309697,1
209294,383281,1
209294,1313388,1
209479,120307,1
209479,137602,1
209479,174968,1
209479,210528,1
209690,21742,1
209690,2106209,1
209748,66824,1
209748,90037,1
209748,132084,1
209748,137880,1
206826,35125,1
206660,174136,1
206415,383281,1
204581,561307,1
200678,209748,1
201124,50997,1
201124,132084,1
202477,569040,1
202729,681215,1
202898,58683,1
203724,641211,1
203724,4026240,1
204581,69273,1
204581,215614,1
204581,392871,1
204617,60978,1
206415,231492,1
204617,482704,1
204617,494714,1
204691,14646,1
204691,137603,1
204691,201124,1
205201,13936,1
205201,51267,1
205201,99679,1
205201,110844,1
205709,66152,1
205709,232956,1
209748,179757,1
209748,359939,1
209748,614963,1
212524,5153025,1
212142,131961,1
212142,205201,1
212142,212972,1
212142,239305,1
212142,331629,1
212142,449949,1
212257,60978,1
212257,109513,1
212524,37908,1
212524,60978,1
212524,76242,1
212979,137204,1
211686,2807726,1
212979,195915,1
212995,22428,1
212995,224983,1
213393,614193,1
213414,80569,1
213414,3996218,1
213498,107769,1
213566,173359,1
213566,173428,1
214109,215560,1
214299,192683,1
212142,122418,1
211529,13732,1
209748,722712,1
210875,21742,1
209748,1177244,1
210026,173857,1
210316,110844,1
210316,211211,1
210528,137602,1
210747,1505476,1
210793,14646,1
210793,22028,1
210793,172894,1
210793,212972,1
210799,1065010,1
210875,36100,1
211211,41922,1
210875,37909,1
210875,53360,1
210875,100752,1
210875,174951,1
210875,374073,1
210875,388391,1
210926,120307,1
210926,131961,1
211042,1041951,1
211206,137880,1
211211,37906,1
200586,41233,1
200161,50514,1
199332,181327,1
188694,210875,1
187660,143582,1
187740,75542,1
187810,4730579,1
187964,22910,1
187964,32446,1
187964,40445,1
188052,528451,1
188189,196407,1
188242,9638,1
188244,150554,1
188504,284475,1
188822,188823,1
187660,38561,1
189635,25495,1
189635,100558,1
189646,125636,1
189666,142933,1
190191,37863,1
190329,184674,1
190363,14752,1
190363,966434,1
190363,972505,1
190399,66417,1
190399,82983,1
187660,136840,1
187278,123984,1
191521,48435,1
185587,100756,1
184924,134904,1
184924,181644,1
185569,51065,1
185580,194106,1
185580,214301,1
185580,618584,1
185580,3243777,1
185582,182673,1
185582,197812,1
185582,222985,1
185587,48604,1
185587,137603,1
186908,115667,1
185587,173559,1
185587,237951,1
185587,3221495,1
185840,79763,1
185848,143896,1
185848,231900,1
186264,1065010,1
186333,39837,1
186837,21742,1
186837,50997,1
186902,257898,1
191200,34220,1
192497,14743,1
199332,166190,1
198544,111476,1
195013,69211,1
195198,165375,1
195409,195412,1
197168,86495,1
197812,126433,1
197812,133869,1
197812,182673,1
198518,44944,1
198518,68309,1
198518,207006,1
198518,600812,1
198544,114919,1
194866,897576,1
198544,205201,1
198544,206695,1
198567,51988,1
198567,77522,1
198567,178698,1
198567,294733,1
198567,297092,1
198567,297093,1
198859,77522,1
198859,198858,1
199332,81206,1
195008,88760,1
194775,2133832,1
192497,147843,1
193060,1536041,1
192677,195902,1
192677,593542,1
192683,17587,1
192683,60978,1
192683,173559,1
192683,220580,1
192718,8285,1
192718,209294,1
192718,211686,1
192718,3388479,1
192867,39838,1
193194,1977144,1
194450,903050,1
193558,184474,1
193558,376312,1
193735,193732,1
194274,59785,1
194277,183878,1
194282,195902,1
194282,569102,1
194282,569483,1
194387,173557,1
194387,232985,1
194450,494714,1
331207,331208,1
357753,241531,1
331493,200516,1
1629999,5313322,1
1582740,36711,1
1586513,1586512,1
1588376,1181588,1
1588376,1739619,1
1603904,1461629,1
1611895,25775,1
1615988,90037,1
1615988,209286,1
1615988,1502171,1
1615988,5153025,1
1625234,21742,1
1629999,4480529,1
1637106,33815,1
2210243,1638200,1
1638200,80688,1
1638200,215610,1
1638200,641727,1
1651907,383281,1
1654237,1619013,1
1673115,4848,1
1676658,664446,1
1683717,187503,1
1689694,932352,1
1689694,1527592,1
1689694,1914437,1
1705135,2568389,1
1571204,4959108,1
1570868,2666077,1
1564180,3973864,1
1564180,3804942,1
1507065,36158,1
1512726,1201210,1
1525173,134987,1
1527592,239486,1
1527592,1479204,1
1527592,2523290,1
1527592,3254709,1
1527592,3979450,1
1529261,4927569,1
1536062,44958,1
1536062,100558,1
1536138,111676,1
1536565,196738,1
1539549,921864,1
1539607,382934,1
1539607,1043043,1
1546718,106720,1
1546718,715813,1
1553377,3808594,1
1555518,3902061,1
1556801,1556796,1
1556801,1571204,1
1556801,4429231,1
1556801,4959108,1
1563568,660187,1
1705967,635898,1
1747394,137603,1
1747394,185582,1
1973996,181022,1
2009444,2009445,1
2012615,216355,1
2014191,181103,1
2020073,205201,1
2048827,65049,1
2048827,2044778,1
2052339,180140,1
2052339,374510,1
2080961,3613122,1
2082945,181022,1
2082945,357753,1
2082945,1527592,1
2082945,1615988,1
2099408,2099409,1
2106209,21742,1
2130591,4384074,1
2133832,18123,1
2133832,22910,1
2133832,204504,1
2158190,28077,1
2165577,3310737,1
2165577,4003501,1
2199055,12596,1
2199055,25261,1
2199764,849559,1
2009444,573187,1
1973996,37908,1
1752845,16048,1
1971480,3314153,1
1778977,50513,1
1778977,2156710,1
1797643,19701,1
1797643,40399,1
1797643,106523,1
1799530,100752,1
1818876,39908,1
1825654,76242,1
1825654,293744,1
1825654,1502171,1
1825654,3519986,1
1825654,3588219,1
1825654,4187945,1
1840788,21151,1
1845103,2126063,1
1862309,2512047,1
1879176,149162,1
1881036,1883363,1
1891477,3645767,1
1902929,1153964,1
1914437,932352,1
1917763,14295,1
1926684,90037,1
1943432,3948166,1
1967266,169508,1
1502171,1201210,1
1502171,1181588,1
1502171,885103,1
1195707,232956,1
1201210,14014,1
1201210,38661,1
1201210,76242,1
1201210,137880,1
1201210,158775,1
1201210,182738,1
1201210,333565,1
1201210,357753,1
1201210,1615988,1
1201210,2742944,1
1201210,3259639,1
1201210,3755115,1
1201210,4187945,1
1202002,878056,1
1204979,28104,1
1206726,1118781,1
1213720,1217850,1
1214568,1233302,1
1218066,1038915,1
1218066,1215399,1
1224549,1187304,1
1226949,1116086,1
1230639,65080,1
1230639,169508,1
1232934,2869193,1
1195708,494714,1
1194826,1943432,1
1245521,238212,1
1188174,383281,1
1112499,1122585,1
1112499,1319763,1
1113020,419677,1
1114067,261596,1
1114067,389522,1
1116086,1226949,1
1121344,169508,1
1121344,242401,1
1131908,51368,1
1132192,36100,1
1133190,28104,1
1153964,117845,1
1158573,1848024,1
1177140,237910,1
1177244,137880,1
1177244,614963,1
1177244,1195709,1
1178339,132084,1
1180653,79578,1
1180653,1502171,1
1181588,341733,1
1181588,1739619,1
1181588,3232614,1
1181588,5131610,1
1188038,1328112,1
1245521,144225,1
1252791,1214890,1
1502171,750828,1
1419951,1425945,1
1426258,646472,1
1426258,778725,1
1443688,213414,1
1447802,940306,1
1454220,2041678,1
1461629,22910,1
1461629,34215,1
1461629,150554,1
1461629,181644,1
1461629,641214,1
1461629,1638200,1
1461629,1868201,1
1461629,2210243,1
1461629,4073818,1
1470055,1166963,1
1474921,90037,1
1479204,215610,1
1480654,111506,1
1482098,809628,1
1493214,1057095,1
1493331,176111,1
1493334,999417,1
1496549,341732,1
1502171,79578,1
1502171,357753,1
1426258,133460,1
1401484,1584790,1
1262687,169508,1
1401232,325291,1
1264567,229665,1
1264567,374226,1
1264567,382934,1
1265468,944875,1
1269042,1926617,1
1270301,36100,1
1270301,137204,1
1270301,192718,1
1283971,69273,1
1283971,1546718,1
1292636,1121179,1
1302672,181644,1
1313388,132084,1
1313388,221673,1
1313388,419677,1
1318016,647464,1
1322193,109832,1
1329809,277172,1
1333883,5682,1
1333883,31715,1
1338853,230512,1
1343447,226184,1
1357841,109335,1
1379579,272172,1
1379579,2707457,1
2201784,612261,1
2226573,1479204,1
1107018,1131052,1
4090899,4090885,1
3804942,3973864,1
3815498,3789526,1
3826177,4932182,1
3835396,80569,1
3854006,519229,1
3854006,3842644,1
3858372,3956120,1
3902061,1555518,1
3902061,4824642,1
3949713,419677,1
4016434,1825654,1
4016434,3259639,1
4117954,2647108,1
2226573,1527592,1
4129661,25058,1
4129661,210875,1
4159809,6308640,1
4164733,1732314,1
4189174,1555518,1
4204835,5591719,1
4220898,4220897,1
4274898,3962724,1
4290492,778725,1
4309435,4309436,1
4317921,5121034,1
4331081,180140,1
3791818,3713444,1
3755115,4187945,1
3755115,3791818,1
3755115,3713444,1
3269862,676432,1
3278369,2778849,1
3278369,3619379,1
3281192,180140,1
3281192,1792519,1
3281192,6208345,1
3287800,3232613,1
3329552,3232614,1
3340049,5671683,1
3366475,4213622,1
3380847,341733,1
3383593,192683,1
3414311,3232614,1
3414311,3243777,1
3454396,185580,1
3495289,221673,1
3519986,2409771,1
3532946,485097,1
3572157,11213,1
3572157,25058,1
3572157,254356,1
3678583,3667994,1
3737607,926625,1
3755115,1065010,1
3755115,3268583,1
4331081,2082945,1
4365498,79733,1
4428973,396096,1
5474522,4748995,1
5560522,5560527,1
5610571,173559,1
5610571,185587,1
5610571,237951,1
5681167,4938476,1
5762975,4037044,1
5777031,2958058,1
5917028,181397,1
6042640,4938476,1
6143402,6144954,1
6144914,4274863,1
6144914,6143402,1
6144914,6144954,1
6144914,6144957,1
6208345,1792519,1
6243576,6178653,1
6254568,51267,1
6254568,110844,1
6274932,6274947,1
6274948,6274932,1
6274948,6274947,1
6276776,6273016,1
6305947,3139122,1
6345023,6346650,1
6412865,6412866,1
5506189,5355606,1
5428976,109564,1
4429231,1561854,1
5355103,5355102,1
4429231,1571204,1
4429231,4959108,1
4440880,4938476,1
4471633,239109,1
4480529,5313322,1
4501713,6042596,1
4533241,357753,1
4589525,5946043,1
4661606,57770,1
4661606,285824,1
4703954,4533784,1
4748995,210875,1
4840276,162438,1
4840276,2544885,1
4938476,3243777,1
5014944,6345023,1
5014944,6346650,1
5019793,3266771,1
5060024,1929501,1
5111351,5139741,1
5153025,76242,1
5285495,6290557,1
5288251,289664,1
5316714,6106984,1
5323355,2163528,1
3269862,614963,1
3269862,376312,1
3268583,1065010,1
2534895,423978,1
2544863,1568575,1
2545933,1550260,1
2545933,3518183,1
2561774,718287,1
2568389,1705135,1
2635464,2635468,1
2667273,3275657,1
2685491,1217456,1
2685491,4488789,1
2706068,185582,1
2706068,222985,1
2706068,251530,1
2706068,2707248,1
2707248,224395,1
2740852,66154,1
2740852,190399,1
2741992,724208,1
2742944,221673,1
2742944,333565,1
2742944,2523290,1
2742944,3755115,1
2742944,4187945,1
2743995,21742,1
2748904,374448,1
2748904,2726980,1
2542171,1506542,1
2530674,1130060,1
2773759,4861715,1
2530674,349272,1
2353545,50997,1
2353545,137880,1
2353545,1641822,1
2409771,376312,1
2409771,1472585,1
2409771,1778977,1
2409771,2523290,1
2409771,3213389,1
2416997,4658940,1
2418185,1128599,1
2497926,2497925,1
2503395,221673,1
2523290,90037,1
2523290,137880,1
2523290,293744,1
2523290,333565,1
2523290,1118781,1
2523290,1206726,1
2523290,1778977,1
2523290,1825654,1
2523290,2742944,1
2523290,3588219,1
2523290,3755115,1
2523290,4187945,1
2526661,3560139,1
2772887,1902929,1
2779335,2779336,1
3259639,3244227,1
3023938,185582,1
3062379,1825654,1
3062379,2523290,1
3062379,4079790,1
3084353,2097575,1
3085233,163409,1
3106055,2894421,1
3125169,179014,1
3139122,3136843,1
3173413,2467996,1
3198666,1902929,1
3198963,221673,1
3198963,1502171,1
3198963,4227218,1
3219782,2525471,1
3228102,264283,1
3231765,4942448,1
3232613,1615988,1
3232613,3946211,1
3232613,5153025,1
3243761,3279946,1
3243777,3198869,1
3243777,3232614,1
3243777,3755115,1
3244227,3259639,1
3254294,376312,1
3057481,635898,1
3000913,419677,1
2809823,2809827,1
2976843,222729,1
2817914,213414,1
2817914,1443688,1
2820360,1502171,1
2820360,1615988,1
2823565,2823564,1
2831021,169508,1
2832471,167543,1
2832471,203958,1
2851433,289664,1
2851433,5288251,1
2874067,1142078,1
2875151,1502171,1
2875151,4746040,1
2909325,5217459,1
2915993,120236,1
2931699,222287,1
2950789,2462376,1
2957310,95003,1
2957310,113468,1
2957310,113469,1
2959589,354816,1
2959589,1443688,1
2959589,1603904,1
2962554,219088,1
2972368,5626439,1
1110492,132084,1
1106613,4048318,1
331510,2123210,1
406630,1862272,1
389525,185580,1
389525,214301,1
395018,113469,1
398781,35135,1
398781,1065010,1
402679,37908,1
404077,554257,1
406165,35746,1
406165,35848,1
406165,37913,1
406165,142956,1
406165,211211,1
407441,60978,1
553982,151357,1
410449,611732,1
411648,81056,1
413826,10991,1
416468,86495,1
417015,3274217,1
419596,481117,1
419677,221673,1
419677,333565,1
419677,341733,1
419677,1201210,1
419677,1584790,1
419677,1689694,1
388391,37909,1
388391,21742,1
385238,122418,1
385238,38661,1
382081,62572,1
382934,36100,1
382934,132084,1
382934,181022,1
382934,229665,1
382934,357753,1
382934,494714,1
382934,614963,1
383281,37908,1
383281,137602,1
383281,180140,1
383281,185582,1
383281,195903,1
383281,209294,1
383281,229665,1
383281,256260,1
383281,257273,1
383281,676828,1
383281,722712,1
383281,1065010,1
383281,1401484,1
383281,1447802,1
383281,1584790,1
383281,3198963,1
385238,13732,1
419677,2282960,1
419677,2523290,1
419677,2742944,1
457961,233184,1
471634,80658,1
472918,3640546,1
476414,186449,1
476414,186837,1
476414,820862,1
476414,1868201,1
476589,133460,1
479893,229665,1
479893,331629,1
479893,1065010,1
481481,173497,1
482704,182094,1
482704,291293,1
482704,457961,1
487029,120307,1
490419,118648,1
494714,295997,1
494714,903050,1
499898,116149,1
499898,204817,1
508077,120307,1
510730,217142,1
519229,3842644,1
534737,57471,1
534737,179014,1
464681,60316,1
457961,182094,1
419677,3232613,1
457961,122418,1
419677,3755115,1
419677,4187945,1
420349,36100,1
420353,36100,1
420353,95080,1
420353,122418,1
421588,211338,1
421588,218762,1
421588,901031,1
421588,1057095,1
421588,1493214,1
423978,277718,1
424240,209748,1
427992,361356,1
431798,188467,1
431804,181103,1
440091,175154,1
444216,4778,1
446427,2049420,1
447032,341770,1
449428,5418399,1
452544,131960,1
452544,1635332,1
452565,293744,1
456135,316619,1
379413,585944,1
379412,250227,1
379137,1496903,1
341733,45095,1
341733,174968,1
341733,175575,1
341733,179757,1
341733,180140,1
341733,181022,1
341733,185582,1
341733,229665,1
341733,261600,1
341733,366255,1
341733,374510,1
341733,1264567,1
341733,3232614,1
341815,1207395,1
342282,137603,1
342282,350043,1
342282,826630,1
343154,436680,1
343355,186837,1
344415,5596417,1
346304,5355606,1
346304,5506189,1
347949,365048,1
348168,59785,1
348168,194274,1
349214,5052338,1
341733,137604,1
341733,21742,1
349348,2667442,1
341732,1447802,1
331553,218772,1
331629,13936,1
331629,99679,1
331629,284475,1
331629,382934,1
331629,3232614,1
331629,3243777,1
332194,183462,1
332194,183463,1
332351,35333,1
332837,5649,1
332837,133345,1
333042,2180714,1
333565,383281,1
333565,1065010,1
333565,1615988,1
333565,1635332,1
333565,3755115,1
333565,4187945,1
337745,359608,1
337746,337745,1
337746,739388,1
340583,298137,1
341732,341733,1
341732,383281,1
349272,1130060,1
350043,826630,1
376312,3062383,1
361588,3862,1
365346,173832,1
365456,114823,1
366255,45095,1
366255,374226,1
366255,494714,1
366255,634808,1
366255,1018853,1
366255,1264567,1
367114,256121,1
373199,237908,1
373344,214242,1
374225,295573,1
374226,229665,1
374226,1065010,1
374448,2726980,1
374510,137604,1
374510,180140,1
374510,261600,1
375046,2567682,1
376157,145858,1
376157,367627,1
376312,1065010,1
376312,1719953,1
376312,1825654,1
376312,2523290,1
362576,362577,1
360595,37773,1
350648,226384,1
359936,176767,1
350650,185580,1
350979,224627,1
350979,331152,1
352882,138678,1
353611,8279,1
354816,3663722,1
356288,193610,1
356428,28738,1
356428,39015,1
356846,132084,1
357433,50513,1
357753,113583,1
357753,173279,1
357753,181022,1
357753,209286,1
357753,221673,1
167543,77522,1
357753,382934,1
357753,419677,1
357753,614963,1
357753,1201210,1
357753,1502171,1
357753,4227218,1
359565,178698,1
359608,739388,1
534737,202202,1
554834,168693,1
1103844,4440258,1
932352,1065010,1
885971,261878,1
901031,300542,1
901031,614963,1
901031,1065010,1
901031,2523290,1
901031,4800117,1
910493,245385,1
918843,98207,1
930917,1556801,1
930917,4429231,1
930917,4959108,1
932352,186837,1
947787,1166963,1
561307,1461629,1
955781,2770779,1
962444,53119,1
962444,207010,1
964253,2751069,1
964370,137604,1
966434,972505,1
977533,977534,1
988770,215993,1
988770,1479204,1
993355,3815498,1
994608,494714,1
994608,830218,1
885971,100752,1
885971,17587,1
885971,14743,1
885103,3619379,1
803809,1797643,1
803809,2353545,1
803809,2669707,1
803809,3436994,1
808222,122347,1
813427,854043,1
823878,113499,1
849559,769673,1
851050,131961,1
851050,173377,1
851050,182673,1
851050,766329,1
851050,2304858,1
851685,232451,1
852371,37906,1
858602,137603,1
869461,674419,1
871457,341770,1
877929,239305,1
877929,494714,1
885103,35125,1
885103,35646,1
885103,382934,1
885103,1195707,1
885103,1546881,1
1003290,24072,1
1005367,1005368,1
1005368,1052939,1
1065010,205201,1
1065010,227626,1
1065010,245385,1
1065010,257273,1
1065010,326453,1
1065010,357753,1
1065010,982496,1
1065010,1177244,1
1065010,1357693,1
1065010,1453439,1
1065010,1615988,1
1071701,550738,1
1079083,1079081,1
1093094,14014,1
1093094,90037,1
1093094,137880,1
1094253,849559,1
1096073,4727141,1
1096343,382934,1
1097157,191242,1
1099486,137603,1
1100769,366255,1
1101544,111506,1
1101544,214299,1
1101544,1880115,1
1101544,1898287,1
1065010,221673,1
1065010,181022,1
1008036,33534,1
1065010,174968,1
1008036,158775,1
1019691,1019690,1
1023737,2851433,1
1023737,5288251,1
1025677,1318245,1
1030973,2535474,1
1033925,109832,1
1034178,133869,1
1041951,174968,1
1041951,213910,1
1043031,206944,1
1043044,33815,1
1043044,382934,1
1043044,1043043,1
1043045,566785,1
1057098,229665,1
1057894,29059,1
1065010,21742,1
1065010,38661,1
1065010,50703,1
1065010,90037,1
1065010,113583,1
1065010,132084,1
1065010,137880,1
1065010,173279,1
803809,273338,1
803809,106523,1
803809,40399,1
614963,3062383,1
618095,13879,1
618095,96155,1
618095,302458,1
618584,194106,1
626562,618584,1
632334,455230,1
632353,173557,1
632353,173559,1
632353,230512,1
632353,1338853,1
634738,632356,1
634808,185582,1
634808,1018853,1
635898,1230639,1
640385,51352,1
641214,37908,1
641214,341733,1
645773,200199,1
647347,194105,1
647464,122418,1
647464,137204,1
647486,192685,1
662423,353611,1
666064,420155,1
666064,1026144,1
614963,4061019,1
614963,2742944,1
673612,130964,1
614963,2353545,1
565535,177086,1
566501,35646,1
566501,36100,1
567169,567171,1
567169,567172,1
567172,567171,1
569040,43315,1
574981,66154,1
574981,100756,1
574981,109513,1
574981,145858,1
579573,1520313,1
583248,18324,1
584923,192713,1
590032,94996,1
595828,93780,1
611121,5158678,1
612064,220580,1
614963,50997,1
614963,181022,1
614963,376312,1
614963,1065010,1
614963,1357693,1
614963,1502171,1
614963,1825654,1
669039,72461,1
676421,658288,1
803809,19701,1
766329,173377,1
773818,186264,1
776126,707856,1
777277,268257,1
778725,133460,1
778725,646472,1
782827,1030973,1
784571,1220220,1
785743,39455,1
785743,50997,1
785743,51369,1
785743,100752,1
792536,19701,1
792536,40399,1
792536,106523,1
792536,273338,1
792536,1797643,1
792536,2044778,1
792536,2353545,1
792536,2669707,1
792536,3436994,1
792536,4938476,1
792886,467940,1
792887,792886,1
792955,137603,1
793051,1486495,1
766329,2304858,1
750828,77859,1
676432,376312,1
747767,1065010,1
676432,614963,1
680232,224834,1
685501,29241,1
685501,34215,1
685501,40445,1
687390,85360,1
689101,261568,1
692682,132084,1
693151,1629406,1
703660,252885,1
703922,186264,1
707862,27812,1
722712,26246,1
722712,424240,1
722712,1313388,1
722712,1638200,1
728026,204166,1
732060,184476,1
736743,122418,1
747767,21742,1
747767,37906,1
747767,50997,1
747767,113583,1
747767,167543,1
747767,324866,1
167543,100558,1
1781,44983,1
167543,71680,1
37906,210793,1
37906,382934,1
37907,22008,1
37907,37910,1
37907,173359,1
37907,175587,1
37907,175588,1
37907,184491,1
37907,216097,1
37907,841114,1
37908,37909,1
37908,90037,1
37908,109832,1
37908,293487,1
37908,359939,1
37908,1008036,1
37909,33534,1
37909,37912,1
37909,210876,1
37909,359939,1
37909,383281,1
37910,63978,1
37910,98498,1
37910,174968,1
37910,181339,1
37912,53127,1
37906,324866,1
37906,172962,1
37912,165375,1
37906,170239,1
37308,57471,1
37308,354816,1
37343,41233,1
37343,58554,1
37343,229334,1
37343,1121000,1
37905,9707,1
37906,8285,1
37906,10991,1
37906,10995,1
37906,17587,1
37906,20957,1
37906,28271,1
37906,33534,1
37906,35646,1
37906,35746,1
37906,39015,1
37906,50581,1
37906,50662,1
37906,51988,1
37906,79578,1
37906,90731,1
37906,105456,1
37906,165375,1
37906,167646,1
37912,109513,1
37912,326109,1
39833,10991,1
38661,353608,1
38661,658020,1
38661,1065010,1
38661,3415529,1
38905,22877,1
38905,50997,1
39015,8285,1
39015,28738,1
39015,53163,1
39015,151835,1
39293,19699,1
39454,26918,1
39455,17587,1
39455,50997,1
39455,51368,1
39455,92897,1
39455,100752,1
39455,192683,1
39455,303120,1
39655,32520,1
39655,66143,1
39666,28104,1
39666,58554,1
39713,124892,1
39827,849521,1
39829,11213,1
38661,533279,1
38661,204817,1
37913,37906,1
38661,188242,1
37913,38561,1
37913,95003,1
37913,141600,1
37913,173374,1
37913,211211,1
37913,214297,1
37913,590009,1
38238,18123,1
38238,2133832,1
38379,96954,1
38497,53119,1
38561,9741,1
38561,53116,1
38561,53127,1
38561,57770,1
38561,132084,1
38561,136840,1
38561,143582,1
38561,1065010,1
38661,5682,1
38661,31777,1
38661,40792,1
38661,52835,1
38661,67672,1
38661,80658,1
37308,53566,1
37308,2202,1
37253,83004,1
32446,22910,1
33534,18342,1
33534,37913,1
33534,60978,1
33534,80325,1
33534,90731,1
33534,130964,1
33534,132084,1
33534,181022,1
33534,2082945,1
33815,80325,1
33815,114823,1
34215,39908,1
34215,102819,1
34215,1466160,1
34215,1764561,1
34567,14742,1
35125,21742,1
35125,66152,1
35125,173468,1
35125,177491,1
35125,221673,1
35125,329620,1
35125,737282,1
35125,3495289,1
35135,14646,1
33417,189462,1
32446,7686,1
37198,80040,1
32417,72087,1
31712,125912,1
31712,257898,1
31715,21128,1
31715,81373,1
31751,35746,1
31751,41922,1
31751,97658,1
31751,137880,1
31751,357753,1
31777,16832,1
31777,39838,1
31777,39909,1
31777,49074,1
31777,80658,1
31777,97650,1
32215,19098,1
32215,21070,1
32215,34215,1
32215,40426,1
32215,40792,1
32215,133345,1
32296,57508,1
32416,45534,1
32416,46233,1
32416,105902,1
35135,51272,1
35135,97658,1
35135,111476,1
35135,111523,1
36100,98498,1
36100,120307,1
36100,132084,1
36100,181022,1
36100,209286,1
36100,211036,1
36100,218290,1
36100,326453,1
36100,341733,1
36100,357753,1
36100,382934,1
36100,420349,1
36100,614963,1
36100,1502171,1
36100,1635332,1
36112,13879,1
36112,96155,1
36112,302458,1
36112,618095,1
36158,79578,1
36158,120826,1
36621,239983,1
36621,694181,1
37046,117541,1
37098,188176,1
36100,97139,1
36100,90037,1
36100,75542,1
35746,1008036,1
35333,57979,1
35525,20773,1
35646,132084,1
35746,17587,1
35746,51984,1
35746,75542,1
35746,105728,1
35746,116237,1
35746,159342,1
35746,166190,1
35746,237348,1
35848,25666,1
36100,57770,1
35848,37906,1
35848,53164,1
35848,145843,1
36099,53077,1
36099,130964,1
36099,144828,1
36099,150781,1
36100,13732,1
36100,26245,1
36100,35746,1
36100,51352,1
39833,9741,1
39833,37907,1
167543,7699,1
50513,38905,1
50513,53119,1
50513,79578,1
50513,100752,1
50513,107771,1
50513,112738,1
50513,2434471,1
50514,11152,1
50514,14014,1
50514,17594,1
50514,21291,1
50514,21921,1
50514,22877,1
50514,23045,1
50514,29058,1
50514,35746,1
50514,35848,1
50514,48423,1
50514,54211,1
50514,93780,1
50514,98629,1
50514,112737,1
50514,134136,1
50514,159342,1
50514,172841,1
50514,175089,1
50513,52816,1
50513,35746,1
50514,257884,1
50513,13732,1
48354,184921,1
48354,237480,1
48354,241513,1
48423,176098,1
48506,1229163,1
48604,132084,1
48604,137603,1
48604,170365,1
48865,945105,1
49187,51369,1
49187,341733,1
49292,707862,1
49294,16968,1
49466,163330,1
50127,471634,1
50128,78643,1
50128,100938,1
50200,4778,1
50200,26918,1
50200,191615,1
50200,229665,1
50200,268611,1
50200,982496,1
50200,1065010,1
50513,1458,1
50514,219213,1
50662,4848,1
39833,86495,1
51271,35135,1
51272,51984,1
51272,59769,1
51272,67039,1
51272,192514,1
51352,26245,1
51352,35135,1
51352,35646,1
51352,75542,1
51352,108856,1
51352,114823,1
51352,132084,1
51352,175575,1
51352,1635332,1
51352,3571255,1
51368,18324,1
51368,60978,1
51368,77855,1
51368,90037,1
51368,99679,1
51368,110844,1
51368,177086,1
51368,192683,1
51368,232451,1
51368,313773,1
51368,566501,1
51271,132084,1
51158,98207,1
50677,223696,1
51087,26918,1
50703,26592,1
50706,25495,1
50706,50513,1
50706,53119,1
50706,242071,1
50782,62130,1
50782,99512,1
50997,9741,1
50997,11213,1
50997,24208,1
50997,26592,1
50997,50514,1
50997,51369,1
50997,52817,1
50997,100752,1
50997,132084,1
50997,165952,1
50997,166308,1
50997,167543,1
50997,168177,1
50997,174747,1
50997,182094,1
50997,209748,1
50997,241531,1
50997,836451,1
48354,126073,1
48354,51988,1
48354,21128,1
40347,1065010,1
40399,54211,1
40399,106523,1
40426,2202,1
40426,40792,1
40426,123981,1
40445,5682,1
40445,22910,1
40445,32446,1
40445,181427,1
40915,66153,1
41233,13888,1
41233,16990,1
41233,58137,1
41233,1121000,1
41279,108790,1
41304,128173,1
41767,36099,1
41767,53077,1
41767,174381,1
41922,37906,1
42149,34220,1
42149,59785,1
42627,79340,1
43011,14488,1
43011,17594,1
40399,50514,1
40347,211100,1
48354,5682,1
40347,37908,1
39834,22428,1
39834,105456,1
39834,107386,1
39834,212995,1
39834,224983,1
39837,13726,1
39837,60978,1
39837,174191,1
39838,75542,1
39838,116237,1
39838,231481,1
39839,150433,1
39839,313473,1
39908,4778,1
39908,5648,1
39908,14753,1
39908,16508,1
39908,105456,1
39908,186837,1
39908,194274,1
39908,245119,1
39909,194274,1
39956,21128,1
39956,172666,1
40234,383061,1
43011,23045,1
43011,35746,1
43011,50514,1
43011,98629,1
45095,120307,1
45095,137603,1
45095,177086,1
45095,181339,1
45095,192718,1
45095,205201,1
45095,210747,1
45095,374226,1
45095,1264567,1
45095,1505476,1
45241,44958,1
45241,1126121,1
45744,35646,1
45744,44391,1
45744,133345,1
45963,81951,1
46233,30542,1
46233,45534,1
46233,105902,1
46282,149094,1
47309,14014,1
47309,70571,1
47512,144910,1
48284,14014,1
48284,47309,1
45095,63978,1
45095,57770,1
45095,51988,1
44392,167524,1
43011,99965,1
43011,112737,1
43011,159342,1
43011,219213,1
43011,223808,1
43011,233541,1
43011,257884,1
44390,4995788,1
44391,133345,1
44392,4848,1
44392,17594,1
44399,5648,1
45095,36100,1
44399,39908,1
44399,109335,1
44399,145877,1
44399,145878,1
44399,198786,1
44944,68309,1
44944,600812,1
44958,151514,1
44958,436547,1
45044,46281,1
45047,50514,1
31712,105661,1
31712,86303,1
30617,82787,1
13732,173399,1
13732,227626,1
13732,2523290,1
13733,35125,1
13869,69200,1
13869,207103,1
13873,4848,1
13873,5682,1
13873,14295,1
13873,17594,1
13873,167524,1
13876,34335,1
13876,53485,1
13878,220090,1
14014,4778,1
14014,5648,1
14014,8279,1
14014,12466,1
14014,21125,1
14014,35134,1
14014,35848,1
14014,76894,1
14014,79986,1
14014,83595,1
14014,108618,1
14014,133462,1
13732,211529,1
13732,160771,1
14295,38661,1
13732,69544,1
10991,217492,1
11213,14743,1
11213,17587,1
11213,44958,1
11213,45241,1
11213,100558,1
12137,105451,1
12330,176923,1
12466,5648,1
12466,14014,1
12466,35646,1
12466,45744,1
12466,76894,1
12466,79986,1
12466,83595,1
12466,133462,1
12466,140804,1
12469,53527,1
12470,25777,1
13247,4091,1
13727,14743,1
13727,51988,1
13727,113497,1
13732,50514,1
13732,53119,1
14014,140804,1
14295,48435,1
30017,112738,1
14742,108619,1
14743,14560,1
14743,17587,1
14743,116237,1
14743,231481,1
14745,212108,1
14747,101746,1
14747,179014,1
14753,31712,1
14753,31777,1
14753,36100,1
14753,50513,1
14753,53121,1
14753,66154,1
14753,66417,1
14753,82689,1
14753,100756,1
14753,108623,1
14753,125912,1
14753,187762,1
14753,358399,1
14757,65081,1
14757,134904,1
14757,181644,1
14757,184924,1
14757,217277,1
14742,219213,1
14648,94106,1
14295,66154,1
14646,1401484,1
14295,68309,1
14295,106719,1
14295,138789,1
14295,138790,1
14295,206493,1
14295,207029,1
14295,209156,1
14295,217277,1
14481,179513,1
14488,4091,1
14488,17594,1
14488,23045,1
14488,35746,1
14488,50514,1
14488,98629,1
14488,112737,1
14488,159342,1
14488,219213,1
14488,257884,1
14560,66152,1
14646,39455,1
14646,75542,1
14646,97139,1
14646,209748,1
14646,210796,1
10991,174883,1
10991,150433,1
10991,128173,1
4091,1879176,1
4096,54871,1
4097,40399,1
4478,5455,1
4478,25666,1
4478,35848,1
4478,261590,1
4478,298134,1
4617,50997,1
4617,165952,1
4617,182094,1
4778,17587,1
4778,51369,1
4778,52835,1
4778,108856,1
4778,110844,1
4778,120826,1
4778,173967,1
4779,26592,1
4779,91534,1
4839,41239,1
4839,47603,1
4848,25495,1
4848,167524,1
4848,772340,1
5455,34225,1
4096,33417,1
4091,149162,1
10991,35746,1
4091,132084,1
2202,26931,1
2202,28104,1
2202,44399,1
2202,53566,1
2202,57471,1
2202,58554,1
2202,123981,1
2545,21716,1
2604,16755,1
3165,104741,1
3214,251591,1
3267,22910,1
3268,28271,1
3268,37906,1
3472,16968,1
3763,38661,1
3763,40792,1
3763,108184,1
3763,1357693,1
3862,18508,1
3862,27813,1
3867,232099,1
4091,14743,1
4091,50581,1
4091,50997,1
5455,37863,1
5648,2202,1
5648,3722,1
5648,12470,1
9384,35848,1
9384,132084,1
9707,13879,1
9707,36112,1
9707,96155,1
9707,302458,1
9707,618095,1
9741,30011,1
9838,9839,1
9838,37343,1
9838,41233,1
9838,1121000,1
9839,37343,1
9839,41233,1
9839,50662,1
9839,510550,1
9839,1121000,1
10578,190363,1
10586,158426,1
10783,50997,1
10783,1513560,1
10990,28738,1
10990,97658,1
10990,145934,1
10991,17587,1
8285,57770,1
8285,35646,1
8024,36603,1
5682,31715,1
5648,25777,1
5648,35848,1
5648,39838,1
5648,44399,1
5648,53164,1
5648,76894,1
5648,79986,1
5648,97650,1
5648,120527,1
5682,4848,1
5682,17594,1
5682,44392,1
6953,48354,1
5682,53249,1
5682,66426,1
5682,69273,1
5682,78711,1
5682,167524,1
5682,173593,1
5682,239109,1
5953,12627,1
5953,69273,1
6136,2202,1
6952,39600,1
14956,169524,1
16171,175242,1
16360,1145860,1
23045,112737,1
23045,257884,1
23265,105456,1
24040,76894,1
24205,50677,1
24205,65081,1
24205,137880,1
24205,310129,1
24211,57979,1
24211,639065,1
24212,10995,1
24212,16508,1
24212,39908,1
24212,80569,1
25058,28104,1
25058,31712,1
25058,50997,1
25141,65168,1
25495,25058,1
25495,26245,1
25495,28104,1
25495,31712,1
25495,63774,1
25495,168692,1
25495,198518,1
25495,242071,1
23045,159342,1
23045,35746,1
21742,1065010,1
23045,17594,1
21742,2082945,1
21913,13888,1
21913,16990,1
21920,17101,1
21920,21921,1
21993,373607,1
22008,175588,1
22008,184491,1
22028,92281,1
22028,110844,1
22028,158275,1
22757,240466,1
22877,39908,1
22877,126433,1
22877,245119,1
22910,21128,1
22910,81373,1
22935,25058,1
22935,25495,1
22935,40433,1
22935,50513,1
22935,53119,1
22935,81057,1
22935,254356,1
22935,260835,1
25495,776295,1
25495,1002011,1
25670,2202,1
25670,6136,1
26918,223808,1
26918,2793315,1
26936,22910,1
26996,18133,1
26996,173536,1
27341,18119,1
27555,3722,1
27811,138789,1
27811,138790,1
27811,209156,1
28104,31712,1
28104,1435159,1
28105,142933,1
28579,18123,1
28579,572620,1
28579,1191189,1
28738,14560,1
28738,97658,1
28738,145934,1
28928,961931,1
29058,51087,1
29241,10578,1
29241,64348,1
29241,176111,1
30011,92281,1
26918,94999,1
26918,90037,1
26918,43011,1
26246,68309,1
25670,25775,1
25775,2202,1
25775,6136,1
25775,125912,1
25775,187475,1
26245,66152,1
26245,200496,1
26245,1635332,1
26246,17587,1
26246,48354,1
26246,51271,1
26246,100558,1
26918,37906,1
26246,114381,1
26246,184674,1
26246,190329,1
26246,209748,1
26246,248375,1
26592,14742,1
26592,26713,1
26592,51087,1
26713,14742,1
26918,35125,1
26918,36100,1
21742,1527592,1
21742,737282,1
16508,80688,1
17587,51369,1
17587,114381,1
17587,126072,1
17587,134136,1
17587,139643,1
17587,175089,1
17594,4848,1
17594,18684,1
17594,35746,1
17594,134136,1
17594,136842,1
17594,159342,1
17594,167524,1
17594,172043,1
17829,10578,1
17829,29241,1
17829,54211,1
17829,64348,1
17829,176111,1
17900,14753,1
17900,22877,1
17900,50997,1
17900,66417,1
17900,113470,1
17900,120527,1
17900,212524,1
17587,51988,1
17587,50997,1
21742,221673,1
17587,50514,1
16508,150554,1
16508,152268,1
16508,1638200,1
16655,108790,1
16741,2545,1
16763,76490,1
16832,17477,1
16990,13888,1
17477,30674,1
17477,44391,1
17477,45744,1
17477,133345,1
17531,16968,1
17531,26370,1
17531,49294,1
17550,21715,1
17550,70351,1
17551,62571,1
17551,66154,1
17551,132084,1
17587,4778,1
17587,9707,1
17587,14743,1
17587,20897,1
17587,37905,1
17905,5649,1
17905,18684,1
18123,25058,1
18123,37308,1
21001,37906,1
21001,67039,1
21001,97658,1
21001,114823,1
21070,19098,1
21070,40426,1
21070,40792,1
21070,133345,1
21070,218700,1
21125,53047,1
21125,69210,1
21128,5682,1
21128,187810,1
21128,192632,1
21128,2133832,1
21151,21291,1
21715,20590,1
21742,10990,1
21742,26918,1
21742,38661,1
21742,45046,1
21742,50703,1
21742,132136,1
21742,180140,1
21742,181022,1
20992,1065010,1
20992,333565,1
20992,331629,1
18684,5649,1
18123,2133832,1
18200,145432,1
18200,182286,1
18231,3268,1
18231,28271,1
18231,37906,1
18324,174370,1
18324,735854,1
18324,2923487,1
18342,66154,1
18342,109832,1
18684,9741,1
20957,35848,1
18684,31715,1
18684,143531,1
18844,6952,1
18844,39600,1
19098,40426,1
19098,40792,1
19699,8993,1
19701,40399,1
19701,106523,1
20389,50703,1
20897,31011,1
51368,1615988,1
51369,14646,1
51369,40347,1
113498,174193,1
113499,113497,1
113583,257273,1
113583,357753,1
113583,1065010,1
114823,21993,1
114823,26918,1
114823,35135,1
114823,67039,1
114823,115941,1
114823,198544,1
114823,382934,1
114919,22877,1
114919,62571,1
115941,66824,1
116149,204817,1
116227,116229,1
116227,145858,1
116227,173081,1
116227,173399,1
116227,174191,1
116227,175285,1
116348,186837,1
116348,357753,1
117896,50514,1
118648,65080,1
113498,237350,1
113497,109832,1
119142,175116,1
113497,100756,1
111506,218659,1
111506,1270301,1
111506,1322193,1
111506,1569811,1
111506,1880115,1
111523,209294,1
111523,246441,1
112737,9741,1
112737,17594,1
112737,35746,1
112737,132084,1
112737,159342,1
112745,293637,1
112754,51988,1
112786,221030,1
112968,256121,1
113390,565910,1
113397,359871,1
113468,95003,1
113468,113469,1
113468,174410,1
113469,95003,1
113470,97658,1
113497,66154,1
113497,76911,1
119142,134871,1
119142,180140,1
100756,109513,1
124892,188244,1
125912,57979,1
125912,187475,1
126064,26918,1
126064,81700,1
126072,16832,1
126072,31777,1
126072,92901,1
126072,173279,1
126072,229665,1
126073,50997,1
126073,237480,1
126073,1065010,1
126157,38661,1
126157,79578,1
126157,109832,1
126157,239872,1
126320,85360,1
126976,51272,1
126976,1272781,1
128173,14753,1
128173,31777,1
128173,53121,1
128394,66147,1
129792,50662,1
129792,61284,1
125634,4020238,1
124892,150554,1
119142,181022,1
122418,233184,1
119142,205201,1
119142,210316,1
119142,229665,1
119142,1065010,1
120009,210316,1
120236,1813779,1
120307,36100,1
120307,51988,1
120307,76242,1
120307,137603,1
120307,177086,1
120307,178698,1
120307,209479,1
120307,383281,1
120527,17900,1
120527,22877,1
120826,36158,1
120826,51271,1
120826,79578,1
121440,1458,1
121765,35746,1
122417,110977,1
122418,53127,1
122418,57770,1
122418,180140,1
111506,214299,1
111506,211568,1
111506,195945,1
105456,212995,1
105661,19098,1
105661,21070,1
105661,32215,1
105661,40426,1
105661,40792,1
105661,133345,1
105661,257898,1
105661,591721,1
105693,173758,1
105902,45534,1
106719,11152,1
106720,21128,1
106720,21742,1
106720,48354,1
106720,227408,1
106752,106753,1
107386,22428,1
107386,48435,1
107386,105456,1
107386,212995,1
107386,224983,1
107751,328931,1
107769,13732,1
107769,21742,1
107769,36100,1
105456,224983,1
105456,167646,1
111506,173559,1
105456,109333,1
100756,173081,1
100756,173399,1
100756,174193,1
100756,187762,1
100756,329714,1
100757,13879,1
100757,162426,1
100757,239981,1
100938,78643,1
101545,37909,1
101545,37912,1
101545,120826,1
101960,44392,1
103257,507205,1
103267,99384,1
103268,3782412,1
103272,3572157,1
104753,4848,1
105453,50703,1
105453,100751,1
105456,14753,1
105456,22428,1
105456,37906,1
105456,50662,1
105456,65049,1
107769,81206,1
107769,86495,1
107769,211036,1
107769,399940,1
109832,39837,1
109832,39838,1
109832,50997,1
109832,66154,1
109832,97650,1
109832,112754,1
109832,132084,1
109832,836451,1
110398,217403,1
110844,36100,1
110844,37906,1
110844,79578,1
110844,90037,1
110844,97139,1
110844,110154,1
110844,110977,1
110844,111476,1
110844,120307,1
110844,167646,1
110844,177086,1
110844,179757,1
110844,192514,1
110844,211211,1
110844,229665,1
111476,110844,1
109832,33534,1
109832,31777,1
109832,18342,1
108623,187762,1
107769,1034178,1
107771,50513,1
108184,40792,1
108184,111523,1
108618,134875,1
108622,13727,1
108622,24072,1
108622,108940,1
108622,835118,1
108623,82689,1
108623,100756,1
108722,132084,1
109830,109513,1
108940,82735,1
108968,133981,1
109333,37906,1
109333,91623,1
109335,5648,1
109335,39908,1
109513,53127,1
109513,182673,1
109513,185582,1
109513,197812,1
109513,212142,1
129792,65049,1
130930,184138,1
130964,60978,1
137880,4187945,1
137978,14488,1
138038,37906,1
138038,51988,1
138038,77522,1
138038,109832,1
138038,198567,1
138789,138790,1
139263,275854,1
139643,9707,1
139643,37905,1
141600,120307,1
141600,209479,1
141600,212142,1
142956,79578,1
142956,209294,1
143557,39376,1
143751,53116,1
143896,4097,1
145432,182286,1
145858,109513,1
145858,173399,1
145858,367627,1
145877,198786,1
147843,14743,1
148199,201124,1
137906,77180,1
137880,3755115,1
137603,315387,1
137880,2742944,1
137603,329714,1
137603,331629,1
137603,1065010,1
137604,205201,1
137604,326107,1
137878,50997,1
137880,9557,1
137880,14014,1
137880,21742,1
137880,22877,1
137880,38661,1
137880,50514,1
137880,50997,1
137880,132136,1
137880,158775,1
2195,162438,1
137880,182738,1
137880,207136,1
137880,241513,1
137880,333565,1
137880,341733,1
137880,353611,1
137880,382934,1
137880,419677,1
137880,1124616,1
150554,181644,1
150554,1302672,1
150781,36099,1
151357,2545,1
162438,2544885,1
163384,75973,1
163393,5649,1
163393,89866,1
163393,133345,1
163393,332837,1
163409,3085233,1
164904,177093,1
165135,62148,1
165375,45095,1
165375,50200,1
165375,51988,1
165375,120307,1
165375,137603,1
165375,177086,1
165375,214299,1
165375,326107,1
165375,3052166,1
165952,126073,1
165952,182094,1
166190,89475,1
166190,105456,1
166190,181327,1
167209,179335,1
167209,302446,1
160771,208836,1
160771,50514,1
159342,39829,1
155252,476414,1
151357,62125,1
151357,80105,1
152709,354816,1
153456,21742,1
153456,2743995,1
154022,38855,1
154551,39455,1
155193,175089,1
155252,186449,1
155252,186837,1
155252,218406,1
157300,41266,1
158786,90037,1
157311,90037,1
157843,26918,1
158426,3397736,1
158462,10991,1
158462,174883,1
158775,21742,1
158775,1825654,1
158775,1967268,1
158775,2523290,1
158775,4187945,1
158786,8285,1
137603,315388,1
137603,185582,1
130964,212257,1
132084,109832,1
132084,116229,1
132084,145858,1
132084,157311,1
132084,170365,1
132084,173081,1
132084,173359,1
132084,173374,1
132084,175285,1
132084,180140,1
132084,181022,1
132084,217499,1
132084,289654,1
132084,325291,1
132084,382934,1
132084,614963,1
132084,722712,1
132084,1008036,1
132084,1357693,1
133345,5649,1
133345,19098,1
133345,40426,1
133345,40792,1
133460,646472,1
133460,6169740,1
133462,5648,1
132084,113497,1
132084,100756,1
137603,173363,1
132084,100752,1
130964,232451,1
130964,291293,1
130964,454902,1
131960,45095,1
131960,51352,1
131960,62144,1
131960,1635332,1
131961,67672,1
131961,120307,1
131961,182673,1
131961,237910,1
131961,449949,1
131961,1177140,1
131961,3399244,1
132084,9741,1
132084,18956,1
132084,35646,1
132084,35848,1
132084,37907,1
132084,37913,1
132084,50997,1
132084,53119,1
132084,60978,1
132084,66824,1
132084,78349,1
133462,76894,1
133462,79986,1
133768,174371,1
133768,210318,1
136516,299309,1
136840,77859,1
136840,143582,1
136840,227922,1
136842,134136,1
136842,172043,1
137012,11152,1
137012,106719,1
137204,180140,1
137204,185582,1
137204,185587,1
137204,192713,1
137204,192718,1
137204,195915,1
137204,214299,1
137204,222985,1
137204,584923,1
137204,2820361,1
137532,44392,1
137540,96954,1
137602,4778,1
137602,98498,1
137602,120307,1
137602,353608,1
137603,137604,1
136516,21742,1
136513,132084,1
136271,1382520,1
133869,180818,1
133768,885654,1
133771,17587,1
133775,1715892,1
133866,48604,1
133866,60978,1
133866,136840,1
133866,823874,1
133869,51271,1
133869,90037,1
133869,137880,1
133869,172894,1
133869,293744,1
134987,210793,1
133869,1034178,1
133877,133869,1
133881,98456,1
134136,172043,1
134136,175089,1
134136,2823730,1
134438,169508,1
134871,210316,1
134880,172043,1
134904,65081,1
134987,22028,1
100756,132084,1
100756,66154,1
51369,46233,1
65049,67039,1
65049,79578,1
65049,97658,1
65049,110844,1
65049,114823,1
65049,126064,1
65049,132084,1
65049,167646,1
65080,25058,1
65081,14017,1
65081,310129,1
66147,13732,1
66147,14753,1
66147,66154,1
66147,82689,1
66147,100756,1
66147,108623,1
66147,187762,1
66152,232956,1
66153,12466,1
66153,13732,1
66153,14014,1
66153,50514,1
66153,53119,1
66153,140804,1
66153,208836,1
65049,76037,1
65049,61284,1
66154,50662,1
65049,50662,1
60978,81700,1
60978,109832,1
60978,130964,1
61284,50662,1
61398,75542,1
62123,126320,1
62134,254791,1
62139,373344,1
62571,14753,1
62571,66154,1
62571,132084,1
63338,50514,1
63774,62571,1
63774,65049,1
63774,76037,1
64229,193060,1
64348,10578,1
64774,53529,1
65048,21128,1
65048,29059,1
65048,124892,1
65048,175120,1
65049,31715,1
65049,39956,1
65049,48860,1
66154,31777,1
66154,82689,1
100752,1034178,1
68309,66154,1
69200,13869,1
69205,977533,1
69205,977534,1
69211,82540,1
69273,12627,1
69273,215614,1
69273,572163,1
69387,17897,1
70351,17550,1
70351,19701,1
70351,75127,1
70379,217441,1
70867,18123,1
71680,81373,1
72461,35848,1
72461,44944,1
74169,9741,1
74169,18684,1
74169,59176,1
75127,19701,1
75187,66147,1
75187,141507,1
75542,14743,1
76037,178698,1
76073,13726,1
68309,114381,1
68309,17587,1
66154,99680,1
67691,1195707,1
66154,108623,1
66154,109513,1
66154,109832,1
66154,116227,1
66154,173399,1
66154,187762,1
66417,31777,1
66417,39829,1
66417,39909,1
66417,82983,1
66417,159342,1
66417,181644,1
66417,641214,1
66417,2541307,1
66417,4073818,1
66417,4661613,1
66810,190328,1
66817,58593,1
66824,35125,1
67020,612261,1
67039,51272,1
67039,59769,1
67672,35125,1
67691,232956,1
67691,885103,1
60978,50997,1
60978,48604,1
60978,41767,1
52816,173428,1
52816,1441550,1
52835,26918,1
52835,43011,1
52835,137204,1
52835,223808,1
53077,40347,1
53116,53127,1
53116,137602,1
53119,10991,1
53119,17587,1
53119,35746,1
53119,37906,1
53119,50514,1
53119,160771,1
53119,962444,1
53121,31777,1
53127,90037,1
53127,137602,1
53164,54813,1
53164,100558,1
53193,4561150,1
53485,34335,1
53485,195409,1
53485,195412,1
53529,4478,1
52816,213566,1
52816,173399,1
60978,40347,1
52816,173359,1
51369,49187,1
51369,50997,1
51369,100752,1
51369,211100,1
51369,303120,1
51988,35135,1
51988,45095,1
51988,77522,1
51988,114823,1
51988,126072,1
51988,126073,1
51988,137603,1
51988,175116,1
51988,205201,1
51988,210316,1
51988,210793,1
51988,237480,1
51988,239486,1
51988,929836,1
51988,1065010,1
51988,1527592,1
52378,6578132,1
52816,109832,1
52816,113497,1
52816,144828,1
53529,47076,1
53530,53529,1
53566,14745,1
53566,212108,1
57899,99803,1
58435,62130,1
58435,214242,1
58435,373344,1
58554,26931,1
58554,28104,1
58554,39666,1
58554,1461629,1
58708,14753,1
58708,31712,1
58708,125912,1
59048,1177030,1
59176,5953,1
59769,17587,1
59769,21993,1
59769,50997,1
59769,51271,1
59769,51369,1
59785,16832,1
59785,17477,1
59785,34220,1
59872,715813,1
60978,21742,1
60978,33534,1
60978,36100,1
57899,69273,1
57899,5682,1
57770,180140,1
57471,186837,1
53608,18140,1
53608,336190,1
53965,492474,1
54211,10578,1
54211,29241,1
54211,64348,1
54211,176111,1
54619,183879,1
54619,362265,1
57470,300249,1
57471,53566,1
57492,327827,1
57770,122418,1
57494,2708960,1
57508,57509,1
57508,103257,1
57508,507205,1
57509,57800,1
57509,80200,1
57509,215502,1
57509,303062,1
57509,3782412,1
57510,99384,1
57765,2719519,1
76073,176923,1
76073,176925,1
76073,209748,1
92897,120826,1
92898,90037,1
92898,97658,1
92898,173182,1
92898,243792,1
92898,383281,1
92898,1188174,1
92901,5648,1
93616,11152,1
93616,14757,1
93616,162445,1
93616,195698,1
93671,114329,1
93780,29058,1
95002,33534,1
95002,66154,1
95003,54186,1
96151,37906,1
96155,13879,1
96155,220226,1
96522,33856,1
96826,76073,1
96954,137540,1
97078,121443,1
97139,13732,1
97139,38905,1
92897,303120,1
92281,133624,1
86495,175587,1
92281,111476,1
86495,216097,1
86495,416476,1
86495,841114,1
87125,85360,1
87125,318849,1
88743,166190,1
89618,105450,1
89865,4848,1
89866,5649,1
89866,59048,1
89866,133345,1
89866,332837,1
90013,57509,1
90037,21742,1
90037,36158,1
90037,50997,1
90037,132084,1
90037,137602,1
90037,158775,1
90181,288534,1
90181,312732,1
90731,37906,1
90731,105456,1
90731,109333,1
92225,1214890,1
97139,92281,1
97139,120307,1
97139,341733,1
97139,1615988,1
99512,177921,1
99512,499885,1
99679,51271,1
99679,92898,1
99680,50662,1
100215,2752378,1
100558,17587,1
100558,25495,1
100558,51216,1
100558,68309,1
100558,114381,1
100558,134136,1
100745,136513,1
100752,14743,1
100752,17587,1
100752,38661,1
100752,39956,1
100752,50513,1
100752,65049,1
100752,86495,1
100752,100756,1
100752,109832,1
100752,113498,1
100752,261878,1
100752,528025,1
99512,62130,1
99384,50430,1
98629,257884,1
97658,133624,1
97515,51368,1
97515,198544,1
97515,205201,1
97650,40792,1
97650,119439,1
97658,10990,1
97658,51087,1
97658,51272,1
97658,59769,1
97658,67039,1
97658,92281,1
97658,145934,1
98629,219213,1
97658,194446,1
98207,137603,1
98207,137604,1
98207,205201,1
98498,1065010,1
98498,1201210,1
98629,17594,1
98629,23045,1
98629,35746,1
98629,112737,1
98629,159342,1
86495,175588,1
86495,173377,1
76242,37908,1
77860,296438,1
78193,137978,1
78349,17587,1
78711,57508,1
78711,218405,1
79578,22008,1
79578,35125,1
79578,38661,1
79578,38905,1
79578,50513,1
79578,51352,1
79578,65049,1
79578,66824,1
79578,76487,1
79578,126064,1
79578,165952,1
79578,167644,1
79578,167646,1
79578,179758,1
79578,209748,1
79578,229665,1
79578,239695,1
79578,309697,1
79578,329620,1
79578,353608,1
79578,383281,1
78193,14488,1
77859,120307,1
86495,173361,1
77855,26918,1
76242,51352,1
76242,99679,1
76242,108856,1
76242,109513,1
76242,109832,1
76242,182673,1
76242,185582,1
76242,197812,1
76242,220911,1
76242,298134,1
76242,1103798,1
76242,1321819,1
76484,76486,1
76484,240369,1
76490,8585,1
76490,22935,1
76490,254356,1
76894,2265,1
76894,45746,1
76894,98563,1
77180,70351,1
77180,196988,1
77522,48435,1
77522,191521,1
77522,356846,1
79578,1502171,1
79733,419677,1
79733,4365498,1
79986,76894,1
81700,52835,1
82689,100756,1
82689,187762,1
82693,2202,1
82693,5648,1
82693,44399,1
82702,65049,1
82722,218779,1
82946,248396,1
82947,53529,1
82947,64774,1
82947,66806,1
82947,82948,1
82948,66806,1
82974,125636,1
82983,173653,1
83055,331773,1
83097,707862,1
83143,38379,1
83595,5648,1
83595,76894,1
83595,79986,1
83595,133462,1
86495,22008,1
86495,120307,1
81206,299309,1
81206,181327,1
81206,136516,1
80325,158275,1
80058,1482781,1
80105,221030,1
80200,125636,1
80200,181103,1
80325,6952,1
80325,18844,1
80325,22028,1
80325,33534,1
80325,39600,1
80325,76073,1
80325,130964,1
80325,229665,1
81206,132084,1
80569,16508,1
80569,194866,1
80569,245421,1
80569,4606751,1
80570,1713124,1
80658,114329,1
80658,301281,1
81056,100756,1
81109,28209,1
81206,14646,1
81206,81700,1
6489402,2415558,1
